"","a","sigma","N_0","sigma_obs","z","d","b","c","e","f","sigma2","g","loglik","loglik.se.se"
"1",0,-0.723671613546891,0.0366224830812976,-0.415120792329597,1.22600783118117,0,0,0.0405376188641577,0.0133023968488981,0,0.0495000981158534,0,-47.9346987821123,0.00630171670919203
"2",0,-0.727503242046166,0.0475703300352742,0.408415126918319,1.28457729324566,0,0,0.0285126990106028,0.0202301113928758,0,-0.0901605295909041,0,-47.8451810421952,0.00687648293332419
"3",0,0.721465037479774,0.0549243711395535,0.417690578996158,1.20641612217239,0,0,0.0357570704782773,0.017127385689834,0,0.0772035194829084,0,-47.8501869150616,0.00690816117363806
"4",0,0.715102547426935,0.0550873976763142,-0.405468944314451,1.27282826223194,0,0,0.0364776124435377,0.0141615294966797,0,-0.172704095613418,0,-48.0808439775527,0.00738029004824167
"5",0,-0.743647640891956,0.0588312864111128,-0.406799541052698,1.23990421816095,0,0,0.0351881472927666,0.0209200882107385,0,-0.0507948398361422,0,-47.9776837769661,0.00711329848359868
"6",0,-0.734946447951464,0.0527329697513836,-0.40224652647398,1.28701180926722,0,0,0.0322405137672176,0.019341500129182,0,0.152328236253993,0,-48.1206718858305,0.00765157322427426
"7",0,0.732806098072198,0.0362262109808564,0.41274393732985,1.25248066416957,0,0,0.0384010028408226,0.0152372186927123,0,0.0901590477967418,0,-47.9172563336834,0.00586615835836284
"8",0,0.725118677895896,0.0649024170018644,0.404632844792497,1.22267180246792,0,0,0.0268887941344507,0.0243177200954062,0,-0.0756344027164091,0,-47.8977496994218,0.0101372573201287
"9",0,0.687410842562822,0.0615312198850862,-0.422276009651641,1.21852164110104,0,0,0.0270373408994076,0.016086699515928,0,0.126940364523587,0,-48.324958184365,0.00842299709268341
"10",0,0.700024270906581,0.0525354377417018,-0.423228389424955,1.24396825040465,0,0,0.0316018578307496,0.0197449688354297,0,0.00870598526859952,0,-47.8400757734763,0.00609629775863826
"11",0,-0.701867382504323,0.0519054633674168,-0.403768689903965,1.31004698152914,0,0,0.028611113136336,0.0163389834084542,0,-0.00553738710588505,0,-47.8200358304074,0.00735385178348006
"12",0,0.726867539706486,0.0672125502557936,-0.417582165669283,1.22159339092339,0,0,0.0306051817484851,0.0215020287447038,0,-0.0855720867016491,0,-47.9639372486372,0.00706773912143314
"13",0,-0.683296716370602,0.0608393158103297,0.408481732122033,1.2994236906788,0,0,0.0175978332133666,0.0168618584667758,0,-0.0872433876776149,0,-48.0702477823567,0.00971132500319707
"14",0,0.706377021439917,0.0633540011833987,-0.401545086516674,1.26906566726881,0,0,0.0252208325358839,0.0229685096243938,0,-0.0421937262034272,0,-47.8633056217382,0.00959272577859477
"15",0,0.72304689703192,0.0352391730131786,0.407176126769273,1.24636220097402,0,0,0.0417592834899943,0.0188357779744153,0,-0.107082075976565,0,-48.032733597253,0.00650233272860117
"16",0,-0.713528834134216,0.0506729699259747,0.407380639225429,1.23398606475564,0,0,0.031769623291377,0.0162841065865592,0,-0.0242264064791374,0,-47.7349145186828,0.00854712992047874
"17",0,0.682568491794921,0.0483656282537986,0.421905163298706,1.25316694927364,0,0,0.0348208162728162,0.0206544279805411,0,0.20919015240112,0,-48.451242586041,0.00672483020533095
"18",0,-0.727197232829963,0.0417954277440749,0.409249940252491,1.22499722182586,0,0,0.032775430065573,0.015995713542632,0,0.0171512412040992,0,-47.9092733632636,0.00789930844518454
"19",0,0.713352216636379,0.0557114467193569,0.402249517225209,1.27308156944768,0,0,0.0301752509860163,0.0188534159071819,0,-0.0886869023405256,0,-47.750980461464,0.00831600637337809
"20",0,-0.70167573590009,0.0509342840472256,-0.398855289817189,1.25713661397471,0,0,0.0308624129858537,0.0171837768102784,0,-0.11756525447835,0,-47.8691107935678,0.0103194392542657
"21",0,0.719860961474031,0.0545842256020728,0.412562440000164,1.24798086532071,0,0,0.0308664951215585,0.0150531295435715,0,0.10520235093868,0,-47.772535823082,0.0074106776478857
"22",0,0.703956742964139,0.0432137406021462,0.412397880576743,1.27530975380999,0,0,0.0331317044107676,0.0185023662975986,0,0.0800111849636065,0,-47.7635181104008,0.00638046075027805
"23",0,0.765655713683967,0.0476410083406329,-0.410558367719369,1.21452955754944,0,0,0.0362607900987997,0.0203217682092293,0,-0.0556598141140732,0,-48.1082168716444,0.00660383917204192
"24",0,-0.732241577385179,0.0450203828639727,-0.402730119795255,1.22844491949182,0,0,0.0318900510841469,0.0169385060663833,0,0.0210657973957138,0,-47.8583344891041,0.00904878482726516
"25",0,-0.70760532866127,0.0515118406097384,0.412200993774366,1.22387581375628,0,0,0.0330827518551166,0.0147010503883764,0,-0.0308367558081362,0,-47.8307383181766,0.00784180661009402
"26",0,0.715532880287916,0.0549305029545912,0.411419958572923,1.22188379642415,0,0,0.0362463582326795,0.0167864420450781,0,-0.015639298891261,0,-47.7718204090498,0.00746469526127746
"27",0,0.725669118255274,0.0436506265664866,0.404291204481254,1.26012801769181,0,0,0.0298820874457916,0.0175261362196154,0,0.134219012403994,0,-47.8750025036431,0.00852747185753217
"28",0,0.702621591438553,0.0486727553781186,-0.416523254950399,1.27241896035639,0,0,0.0344972578538655,0.0148760550027848,0,-0.0241008944812394,0,-47.8046122228331,0.00590866922337495
"29",0,-0.723910126235028,0.0501662278455606,0.399772348937533,1.25634584064347,0,0,0.0262258485053764,0.0159893342422647,0,0.0684449888898979,0,-47.9275192564349,0.0103129079033091
"30",0,-0.702310526211482,0.0502571268025573,0.413372403853429,1.25755992724888,0,0,0.0253794756572185,0.0245412749322568,0,-0.102076882795421,0,-47.9882912984564,0.0079471025855085
"31",0,-0.706622145213951,0.0464177943790962,0.420313730913757,1.19004690120402,0,0,0.0342588388189479,0.0226701157269653,0,0.166256683393243,0,-48.2905286113944,0.00817243483131344
"32",0,0.739437561688437,0.0536012117892902,-0.403332989405013,1.22937762475857,0,0,0.0315649031822005,0.0185683065824023,0,-0.0505915789477628,0,-47.7842497981276,0.00891615694783424
"33",0,0.744202427274607,0.0524511809135582,-0.409422622843107,1.20302333477336,0,0,0.0328781770752899,0.0205649422428458,0,-0.0607540149636543,0,-47.8800603171588,0.00808103470101684
"34",0,0.712804086218169,0.0570618215466229,-0.411183432578879,1.23027922072055,0,0,0.0349603045876171,0.0198742218021131,0,0.00840514295166769,0,-47.7626506824807,0.00740126342718149
"35",0,-0.703977297512572,0.0566272221033001,0.399537327256455,1.26313434670736,0,0,0.0318916234354304,0.0161565645197041,0,-0.0635046925241848,0,-47.8227952781434,0.00920038244991288
"36",0,-0.747793716777467,0.0540281134007581,0.40924856877237,1.21060441539987,0,0,0.0291925706679185,0.0173210531047792,0,-0.00366993446489337,0,-48.0814231959099,0.00863608079509119
"37",0,0.710969383884765,0.0644945804605888,-0.414359157342822,1.2349475710961,0,0,0.0284116436821564,0.0210703932288031,0,-0.106281622435571,0,-47.8029909133013,0.0079358420439921
"38",0,-0.744006792350833,0.0663237338850883,-0.409149545487697,1.24750766004757,0,0,0.0252315457700542,0.0262509649670809,0,-0.0898989460737101,0,-48.1758774119199,0.00811963019896993
"39",0,-0.713125716029315,0.03698901029983,0.407943789206199,1.23306676282269,0,0,0.0352208541610688,0.0184753719302687,0,0.0878682076782861,0,-47.8921022220832,0.00773045901672741
"40",0,0.704907771388394,0.0591626302214949,-0.403665089772508,1.27786606713196,0,0,0.0291028150547193,0.0164948747308751,0,-0.0422254340826444,0,-47.7309134663898,0.00823004559149309
"41",0,0.734708797360552,0.0495177906059873,-0.404511107688982,1.20425096730501,0,0,0.0370734157926098,0.0185690686159722,0,0.0635006408116547,0,-47.8120059115193,0.00874256210523498
"42",0,0.714216794389543,0.038836309547384,-0.402392958289599,1.21961862423334,0,0,0.0316273855331274,0.0184177831543332,0,-0.012805306910923,0,-48.2191672264221,0.0102647826506305
"43",0,-0.731283673268979,0.0656306671209308,0.402816961952712,1.23734747070662,0,0,0.036667762157712,0.0148465308166681,0,0.113770047491812,0,-48.0425273957574,0.00812459678684525
"44",0,0.734219881648813,0.0671616075424747,-0.414270055106839,1.19587128616615,0,0,0.0318590342359226,0.0153458889505889,0,-0.0425673900087172,0,-48.1369300411326,0.00826948606133208
"45",0,0.664941793187215,0.0485803045303995,0.41873499047739,1.30532256022327,0,0,0.0194003602708553,0.0179016560788359,0,0.0737750960721651,0,-48.4027853005043,0.00740588910178733
"46",0,0.702304374299694,0.0483683490184774,-0.413555121816905,1.29636751273338,0,0,0.0296989645419631,0.0161109595426628,0,0.0301212886046943,0,-47.7516121124156,0.0062892941905915
"47",0,-0.761584699276748,0.0669807402195379,-0.387367986560914,1.22616257616707,0,0,0.0280043384049643,0.0192091255781901,0,0.0381665611679553,0,-48.2892747027446,0.0133639709096223
"48",0,-0.702454008412742,0.0406853712373025,0.418314505224742,1.27059021229531,0,0,0.0340752605349526,0.0163036889190021,0,-0.112175734491285,0,-47.825130429705,0.00591215493371257
"49",0,-0.716918171365332,0.0467056958461815,-0.414603725009364,1.20616578392497,0,0,0.0345855800510107,0.0218697852687418,0,0.109176156156064,0,-47.8852576777186,0.00742160779937284
"50",0,0.716226587902697,0.0413750197762938,-0.410688221398893,1.23461447763285,0,0,0.0377803862782534,0.0150568755414163,0,0.0931739803120568,0,-47.7882847552135,0.00692735748017108
"51",0,-0.719580815188318,0.0455589039242626,0.411545235231477,1.24356653622442,0,0,0.0348318421850486,0.0140269328761072,0,0.0368340314853235,0,-47.7650433952902,0.00689460747715685
"52",0,-0.707634627671193,0.0602540388431202,0.402026044507097,1.32266963167996,0,0,0.0192950259989885,0.0180297884601837,0,0.0249035912023529,0,-47.9399156589436,0.00905315170663179
"53",0,0.700599354862475,0.0384785481958937,0.411481896400998,1.22591146644596,0,0,0.0357873533938025,0.0122360144626277,0,-0.144125743654167,0,-48.2296344557673,0.00823111018160165
"54",0,0.70755208460581,0.0603922983486815,0.407801906728407,1.27944278826262,0,0,0.0212167891821757,0.0204856586738738,0,-0.0620694461999745,0,-47.7957777550899,0.00901451104675691
"55",0,0.727395146585995,0.0429782849059592,0.410979822917246,1.22841212983543,0,0,0.035658841629159,0.0165843093508295,0,0.0558011134476222,0,-47.7570880283662,0.00722262730189592
"56",0,-0.69777810069,0.0560641995453107,-0.416834037598214,1.24936964403932,0,0,0.0300023213433662,0.0187419347079023,0,0.0302619856871001,0,-47.7097919115329,0.00700591873032708
"57",0,-0.718713789599607,0.0559045077925695,0.413621652372101,1.26124964467488,0,0,0.0297665720706824,0.0208559536206283,0,-0.0136121333164221,0,-47.7700951382471,0.00678217691090452
"58",0,0.702249322934798,0.0737776894129944,0.398110924950423,1.26703907499458,0,0,0.0221389872007719,0.0201820660907579,0,0.00649869126039068,0,-47.9891529526403,0.0121140990031716
"59",0,0.700472637619358,0.0471813623201527,-0.416908065703598,1.25310227726721,0,0,0.0361040968277023,0.0160998136899274,0,-0.034015224215115,0,-47.7830343563003,0.00610239724476997
"60",0,-0.714115654779642,0.0469032666497779,0.402795231963751,1.26414163099038,0,0,0.0324821686258826,0.0193108150949145,0,-0.0807541388862937,0,-47.7646019453104,0.00794788978044519
"61",0,-0.718437543709802,0.0621404133324155,-0.408412812752785,1.27455005721973,0,0,0.0239636739612409,0.018168475513435,0,0.071277852172828,0,-47.7772880104357,0.00837168136009287
"62",0,0.686108532334216,0.0732792437847161,0.4123181685347,1.29261013789016,0,0,0.0184816018429482,0.0219606755228601,0,0.130563464772757,0,-48.2016982490407,0.00897980336027326
"63",0,0.718737261891047,0.0459838124522442,0.406262022050267,1.29052301750312,0,0,0.0289687914049867,0.0177374017801678,0,-0.0420435897447747,0,-47.7471032352573,0.00708172433431026
"64",0,-0.721730403927077,0.0508726225658458,0.396660058208892,1.26291850605044,0,0,0.0319040096190395,0.0218274008357798,0,-0.0507425996426481,0,-47.9260829244258,0.00920081736784672
"65",0,0.70896675801716,0.0495338854499594,0.40753716070748,1.25075251078281,0,0,0.0335939965598959,0.0155571863364444,0,0.0735768999532433,0,-47.6879547795755,0.0076453953015763
"66",0,-0.719940082074576,0.0525042947206674,0.410021188495157,1.25767209338313,0,0,0.0298019699289928,0.0215153855967664,0,-0.0829303465608346,0,-47.7243946241337,0.00742896156714935
"67",0,-0.725377121961623,0.0369715350386619,-0.416703630190085,1.24230526089317,0,0,0.0365570668371832,0.0163930117879881,0,-0.0219306757444926,0,-47.8515822263653,0.00602065249765397
"68",0,-0.719825938386057,0.0554879717239292,0.412886510795416,1.22902846135762,0,0,0.0285945238787425,0.0188976780801688,0,-0.068930026060783,0,-47.7780304811994,0.00787146917774414
"69",0,0.722004746327268,0.0463675310408934,0.40992192083979,1.25767842485196,0,0,0.0339614506005102,0.0177160294107125,0,-0.0358375981268535,0,-47.7045566482309,0.00686117368101609
"70",0,0.709870909972579,0.0597972762416951,-0.401921168795709,1.25489678463021,0,0,0.021929176415048,0.0249723648701895,0,0.00947007318885872,0,-48.0061808270004,0.011253859644858
"71",0,-0.690003106039819,0.0476490143933881,0.418620143403212,1.26231821866906,0,0,0.0328431226075385,0.0174707352248785,0,0.0549411471510733,0,-47.8173007892089,0.00629619518113444
"72",0,-0.716627780642588,0.0488425304137471,0.406814250439938,1.2120334405567,0,0,0.0347574526690442,0.0228687773362147,0,-0.136388567716978,0,-47.8991898431839,0.00897670408661998
"73",0,-0.707383943489327,0.048625692946632,0.406204558192716,1.28307731619588,0,0,0.0292066395782673,0.0211109290109853,0,0.0868282645058802,0,-47.8068216688911,0.00750746024290364
"74",0,-0.716798711576008,0.0671030962365425,-0.412780153751276,1.25289411051704,0,0,0.0264396391412824,0.0171977003889923,0,0.12026654037676,0,-47.9081454202237,0.00788335047131606
"75",0,-0.704102679455297,0.0451841118784705,0.416783955546878,1.28229640072239,0,0,0.0303611001283624,0.0170422410937432,0,-0.128668275936349,0,-47.8175485311374,0.00602625504188556
"76",0,-0.699837054329479,0.0492157872270595,0.408470821195302,1.23830421640428,0,0,0.0264845145785539,0.0190252877234758,0,-0.0394932053545941,0,-47.9863206827637,0.00963653800785983
"77",0,0.70496176429024,0.0554562238060661,-0.421521912861129,1.22241840842599,0,0,0.0322228750711429,0.018945368531974,0,0.0602066084747805,0,-47.8178965844426,0.00681944275213426
"78",0,-0.710111743120735,0.0493979110651393,-0.414631695275638,1.23965958086022,0,0,0.0340606147351088,0.015392060391239,0,0.0250979670588802,0,-47.7173809400108,0.00691433732930173
"79",0,0.704839301825257,0.0555031161661879,-0.405388752166935,1.27014363071019,0,0,0.0240785160343999,0.0222265062162572,0,0.0372429105902633,0,-47.7906238061225,0.00918493399720331
"80",0,0.701237666725952,0.051832763766581,0.408777030790314,1.2648474237431,0,0,0.0336616349064919,0.0200632749801307,0,0.171464913219755,0,-47.9621516008302,0.00786244554290322
"81",0,-0.721861101330155,0.0459161093777202,-0.413129106154329,1.25162992783654,0,0,0.0325930116929708,0.0201553961997123,0,-0.0343196910379679,0,-47.743352873646,0.00677028384876867
"82",0,0.695380384141305,0.0568210036331397,0.419631457446791,1.26744474959041,0,0,0.0289991365720061,0.0176195970509364,0,-0.0553580262443945,0,-47.7674670243899,0.00637927133711184
"83",0,-0.691776836828854,0.0613200609501676,0.412588585666763,1.28146056488852,0,0,0.0270135492242243,0.015995454157615,0,-0.00139498249306123,0,-47.7714272158478,0.00719290866057028
"84",0,0.698611831852985,0.0495619664424237,-0.410426193677881,1.29810896537485,0,0,0.0274612150248445,0.0188443208290823,0,-0.0139992993379545,0,-47.7465468307731,0.00675560880669392
"85",0,0.702105523350207,0.0448345846384676,-0.411485237959361,1.25974620583553,0,0,0.0331711710786651,0.0187330211491505,0,0.0653282989472076,0,-47.721359342685,0.00705993151494162
"86",0,0.711831055407947,0.0472950266840794,0.412777771905562,1.2448877577024,0,0,0.0341891827305375,0.0180038440481453,0,0.134631957439977,0,-47.742877477323,0.00700039760954664
"87",0,0.702071557065821,0.0643567150891446,-0.402352268918462,1.29190471084977,0,0,0.0236522746834457,0.0170237258757559,0,0.0611911737784819,0,-47.8041765572478,0.00937076889772183
"88",0,0.740404061010883,0.0526921206320131,-0.402666775498617,1.20533905439478,0,0,0.0355403621852482,0.0220085316124551,0,-0.0306015764268797,0,-47.8533782896615,0.00882750940540998
"89",0,-0.783707008437447,0.0601013707091296,0.387263487593011,1.20090955177066,0,0,0.0377502817895434,0.0196268632319905,0,-0.0976419222785739,0,-48.4864997649952,0.0109010728047893
"90",0,0.699150206933384,0.0437691017069351,0.413632873779336,1.28830018113625,0,0,0.0269330204410188,0.014034887422288,0,0.0787742778403002,0,-47.8947553239004,0.00702520723034248
"91",0,0.708816474638849,0.0544154491136903,-0.40678887076528,1.25209847625042,0,0,0.0259256732143155,0.0203023387050954,0,-0.110659267039973,0,-47.7868280896815,0.00946279474328432
"92",0,-0.745765829937176,0.04791710559098,-0.414039989536721,1.23744730092252,0,0,0.0345207529585058,0.0197628233778101,0,0.014924472262359,0,-47.9257951978763,0.00622933692319843
"93",0,-0.711290595724823,0.0533729293856623,0.399272814183034,1.25413941059713,0,0,0.0295536199974128,0.0148231466808721,0,-0.0185012128403517,0,-47.8229784274557,0.00995217388145639
"94",0,-0.709711550122152,0.0430168597761058,-0.401419292482266,1.27973003900973,0,0,0.0292790459387582,0.0176169221663286,0,0.108141086851868,0,-47.810687724712,0.00869181462902192
"95",0,-0.708670439207016,0.0481087805334515,-0.403393443986257,1.32967084567583,0,0,0.0232774272101053,0.0177314304091081,0,-0.0463406578084637,0,-47.9258034465484,0.00764909129040176
"96",0,0.73661403168846,0.050103631545958,0.402172910919454,1.25577757235352,0,0,0.0319662044353694,0.0185452337452854,0,0.0323959079080172,0,-47.7748723791878,0.00805014088185434
"97",0,-0.721276824252061,0.0558009588039804,0.399657349772386,1.23945792853105,0,0,0.0299339091642514,0.0149678830394674,0,-0.0399115389081846,0,-47.8323494254822,0.0101914428031698
"98",0,0.678361205467884,0.0581202679557159,-0.40995205216602,1.33970951150516,0,0,0.0163250767712575,0.0187652062191349,0,-0.0299751293377421,0,-48.0772249923963,0.00824680607181835
"99",0,-0.715905082710521,0.0633365001186636,0.407770758704982,1.29220490568541,0,0,0.0193045898561918,0.0158901372887288,0,-0.00933867207173712,0,-48.0275134544989,0.00911467530334567
"100",0,-0.721456262379072,0.0468605327901727,-0.40849397941808,1.22308998214655,0,0,0.0361676745737802,0.0198501363438512,0,-0.0848428729295333,0,-47.7557183135434,0.00762797236241166
"101",0,-0.72338626485561,0.0631128305984662,-0.407972605797995,1.26240137521916,0,0,0.026183895794436,0.0214657036610104,0,-0.075820740414336,0,-47.8014899492968,0.00804505968849369
"102",0,0.751311604693327,0.0787524429241704,0.402593597163976,1.2080367627452,0,0,0.0252942055782653,0.0224678664792919,0,-0.103026711992877,0,-48.2944780179141,0.0110254739827491
"103",0,-0.697327716976519,0.0407229754176059,0.40755813510261,1.28684119623359,0,0,0.0317656217290594,0.0166113343665025,0,-0.0197193584561192,0,-47.8112324019297,0.00702974342116491
"104",0,-0.736803876559537,0.0480371701987441,-0.400049114465205,1.2485896160332,0,0,0.0345770376652403,0.0126168801583248,0,-0.0842900133056453,0,-47.9530671079998,0.00829405707373928
"105",0,-0.696637596144716,0.0432458870283129,-0.412059608211662,1.26925716638026,0,0,0.0282319015864932,0.0204674189495487,0,0.0804522454348629,0,-47.8721491055616,0.00735626342416338
"106",0,-0.690169733896008,0.0501585910426142,0.41996421292759,1.28481417972718,0,0,0.0305447829029664,0.0131294499740797,0,0.0356723376626063,0,-47.8984326649513,0.00600525833327128
"107",0,0.757745148924759,0.0528488119816364,0.412783468470549,1.18588625414322,0,0,0.0359657114098981,0.0232329370290019,0,0.0848475532674241,0,-48.0818303291042,0.00739209555508132
"108",0,-0.683421503378402,0.0520053283472438,0.408118998837531,1.32091114688205,0,0,0.0253463628006748,0.0156347411246493,0,-0.11502198585442,0,-47.9351139597745,0.00735918438806652
"109",0,-0.690488166525751,0.059824497678452,0.415377255771926,1.30512356011004,0,0,0.0211616826474917,0.0185014178733754,0,-0.0473217696174875,0,-47.8519208818513,0.00703256209043659
"110",0,-0.712674126628716,0.0560732264818046,-0.409172784545922,1.27391990299572,0,0,0.0306498999072553,0.0161382341723536,0,-0.126002808857611,0,-47.7578154351385,0.00738479619372141
"111",0,-0.705189539582315,0.0567106842614725,0.410473494278375,1.30535654901968,0,0,0.0274309801871498,0.0150325420740715,0,-0.17961984980627,0,-48.2982872919008,0.00757343492768182
"112",0,-0.697321271380586,0.059136948515272,0.405497240199615,1.29451085697307,0,0,0.0295946676076166,0.0129045596783455,0,0.0177673924948718,0,-47.9207219702537,0.00756046939216374
"113",0,0.725440928247064,0.0425245677045065,-0.41300189953601,1.27363323225594,0,0,0.027899026869312,0.0204845502394216,0,-0.0399391441197637,0,-47.8818871029268,0.00658039079896082
"114",0,0.697774829428801,0.0504073986893271,-0.419321259507887,1.26888782754363,0,0,0.0292270395387165,0.0167210172076639,0,0.061848603270655,0,-47.7454057520622,0.00635900111055092
"115",0,0.714447124839028,0.058457123771406,-0.409608923554906,1.24131950708389,0,0,0.029682725417287,0.0206322305384241,0,-0.0554245961284773,0,-47.6991625280643,0.00804279183534073
"116",0,0.712113022118139,0.0597344855753826,0.421007451197762,1.23304897089739,0,0,0.0302406554683435,0.0178892256621694,0,0.106978731573157,0,-47.8600900035998,0.00675658647647965
"117",0,0.710615954223164,0.0417537671988812,-0.412249389403948,1.24358057159869,0,0,0.0363300337239461,0.0171077242939128,0,-0.0355017152427802,0,-47.7482669092672,0.006726205296089
"118",0,-0.718132856299388,0.042922949681186,0.4114475402126,1.24659801995499,0,0,0.0333300507323689,0.0179804773709911,0,-0.0624882300685637,0,-47.7113971051214,0.00695398422688107
"119",0,-0.702566439790789,0.0580415586588097,-0.400315862246946,1.29846544574819,0,0,0.024815076455826,0.0142973299970215,0,0.106598384572713,0,-47.8957197281399,0.00933151032526477
"120",0,-0.713370044003329,0.0528503780234509,-0.410575257282222,1.28025395330255,0,0,0.0246219340943474,0.0177383945377874,0,0.0794049879091228,0,-47.7421143205916,0.00770164730600953
"121",0,0.727529134780256,0.0454620697819563,0.408820617157014,1.27293921596583,0,0,0.0338970779507942,0.0171704641641273,0,0.0698977404649101,0,-47.8059796636538,0.00656320095513845
"122",0,-0.704178725698374,0.0476464864943914,0.410465257676465,1.28832823504832,0,0,0.0232847573769042,0.0218620436008887,0,-0.00908730005771222,0,-47.9020109825784,0.00795518577285362
"123",0,0.711007065633707,0.0659576539327867,-0.408824602762095,1.25217707974437,0,0,0.0284428119708136,0.0170902465855253,0,0.0627213408789295,0,-47.7349898905248,0.00823864879094642
"124",0,0.707060845325434,0.057065556240378,-0.413925241128021,1.26906103970728,0,0,0.0250534093943409,0.0177830625857661,0,-0.0012120608295311,0,-47.7166641408249,0.00739218681939929
"125",0,-0.705822663777356,0.0653948972128257,0.410611878569127,1.25813043163202,0,0,0.0265136966471299,0.0228219330186907,0,-0.00466429141996133,0,-47.8212642723091,0.00809420267230702
"126",0,-0.70056224422065,0.0498676503410975,-0.410284389789783,1.31049563461412,0,0,0.0241898832868507,0.0182263732712808,0,0.0501841635820422,0,-47.7979372269827,0.00699947649829355
"127",0,-0.699094747285246,0.0729446403662767,-0.407296019533678,1.29259428896761,0,0,0.016671834421675,0.0180703245651289,0,0.082228478076051,0,-48.0903991476356,0.0103036953751076
"128",0,0.696763106779929,0.061354872148101,-0.410002395212356,1.29507878754903,0,0,0.0212676402065357,0.0198635007220647,0,0.0520282357756454,0,-47.784001972645,0.00815531058705373
"129",0,0.711354756822733,0.0506772693232093,0.421869523396543,1.22690884361317,0,0,0.0290970630138423,0.0180142444175634,0,-0.108578975627669,0,-47.975882637921,0.00709190139944383
"130",0,-0.684968821915758,0.0525744042142301,-0.41201618767199,1.27178804115437,0,0,0.0273817101510694,0.0167164961742857,0,-0.0583541472927494,0,-47.7623606450678,0.00785314522624473
"131",0,-0.719459920996101,0.0698159130434256,0.405923457535266,1.24612883207958,0,0,0.0252153481029737,0.0190503614068481,0,-0.0571999271489626,0,-47.8227563206233,0.00959922743308186
"132",0,-0.718755179465376,0.0519219625497134,-0.418010001342454,1.21077422975747,0,0,0.0338274780357153,0.0189638318304811,0,-0.0460351225411357,0,-47.8120530205815,0.00704967160868246
"133",0,-0.682131853967446,0.0665327253505266,-0.410034636421234,1.23277016352632,0,0,0.0262533457356602,0.0190720089407624,0,-0.136040174117113,0,-48.1261959138762,0.0107048709552684
"134",0,-0.721923874277406,0.0394490612703969,0.405241583739534,1.24979680985304,0,0,0.0332157782561494,0.0172747010927064,0,0.0152244805606367,0,-47.789364315485,0.00770463936252736
"135",0,0.709034742243761,0.0415150363897119,-0.413734670248715,1.2548181629205,0,0,0.0357610725755716,0.0163143041311038,0,0.137961847049178,0,-47.7867037912174,0.00656899044853073
"136",0,0.724817342814397,0.0445974817905314,-0.406857751130958,1.27053741008981,0,0,0.029055146485255,0.0194596903864847,0,0.00741528173982427,0,-47.7740297904441,0.00743907097515956
"137",0,0.746848316343276,0.0541972878212744,-0.397346320964036,1.23887492496103,0,0,0.0362256824749342,0.0184773146815831,0,0.0785551217037822,0,-47.9528171746328,0.00852464224781898
"138",0,-0.686525697265522,0.0515840297148028,0.413860798723772,1.27044901329374,0,0,0.0248755388515958,0.0226754495436672,0,-0.126049533486299,0,-48.0046572129061,0.00827927691391373
"139",0,-0.742024244745646,0.0673569228666022,0.401430922773423,1.25475369478738,0,0,0.029225575076663,0.022067410855236,0,-0.0799785072479343,0,-48.0126087198772,0.00863130571688735
"140",0,0.709966879289173,0.0471579494003545,-0.413790002599496,1.24966606804398,0,0,0.0339915563501208,0.0185794915641716,0,0.148548949525578,0,-47.7850888217344,0.00690200554480109
"141",0,-0.715779053008569,0.0546776890500439,0.410490566084079,1.23837890179469,0,0,0.0297381825231136,0.0220742624918029,0,0.0442030271260309,0,-47.7340034780992,0.00786800364023456
"142",0,-0.703435163008549,0.0500342636295736,-0.420231214914687,1.23447288472783,0,0,0.0377460309631932,0.0198047652793153,0,0.167257975745766,0,-47.9898889638689,0.00627962268813547
"143",0,-0.705765278704907,0.0654299989219556,-0.406904078384487,1.28133661876073,0,0,0.0227245628348974,0.0217990991498807,0,-0.117488115574957,0,-47.8959172398832,0.00898581148873118
"144",0,0.733651343460041,0.053589962976102,0.400507534365293,1.24032631069346,0,0,0.0354413061066154,0.0195977892200202,0,-0.062173319811345,0,-47.8437792778101,0.00815497907506128
"145",0,0.726253323689601,0.0551416381399198,0.407695473192797,1.2915052256765,0,0,0.0243581167319355,0.0156604342768653,0,-0.10222653806983,0,-47.934638322466,0.00757409439509061
"146",0,0.709278052774508,0.049051726305585,0.407394356783822,1.26034899687226,0,0,0.0238234332366859,0.0194164034539501,0,0.0889633639980318,0,-47.9197756348988,0.00952797034505075
"147",0,0.723637008658976,0.0429858731637234,-0.415015556344018,1.25742112764588,0,0,0.0297923757716677,0.0201778869932994,0,0.00336894810082905,0,-47.8347736880839,0.00646340083902848
"148",0,0.714524245591731,0.0418285692176721,0.41655933897262,1.27074907590228,0,0,0.0301091791382005,0.0161056196911935,0,-0.0592297894777711,0,-47.8145625532715,0.00636348279404928
"149",0,0.728332317360584,0.0652538586312254,-0.414813434333075,1.26296332230684,0,0,0.0232596323275853,0.0197736995107235,0,-0.0217570948475205,0,-47.9810853862381,0.00747118323939032
"150",0,0.723753896931203,0.052114376860555,-0.408428542838853,1.28021578353735,0,0,0.0299074804325765,0.0156549664457003,0,-0.0505050072424342,0,-47.7495937731038,0.00691550930848715
"151",0,0.708950024346068,0.0546667994265329,-0.413142800278006,1.25182492984542,0,0,0.0303387777021686,0.0152644336016704,0,0.131666246188733,0,-47.7965859559099,0.00759161356534939
"152",0,-0.713841314499257,0.0577213212916951,0.414882002639275,1.25395687744433,0,0,0.0304160915015241,0.0188954671008872,0,0.101779443287777,0,-47.7476692127816,0.0065877677323646
"153",0,0.736538748084156,0.059941578599191,0.397897913427324,1.26943190153234,0,0,0.0271017161310124,0.0213575845334847,0,-0.111356027695688,0,-47.9504286195654,0.00970658586474987
"154",0,0.731932117261956,0.033787233146827,0.410405900439656,1.24856873493326,0,0,0.0389580624185566,0.0173006915148761,0,0.170867608215985,0,-48.06578178797,0.00670023706087913
"155",0,-0.718414726781764,0.0487432343576246,-0.414499757669119,1.25434321125509,0,0,0.0298558277923939,0.0160697660653149,0,0.0702790454943412,0,-47.7351608115631,0.00691856785685245
"156",0,-0.718449874339233,0.0544068635478336,0.406271834519616,1.26864012361682,0,0,0.0259764311288315,0.0244408366099597,0,0.0233793554991153,0,-47.8555845829397,0.00834505092411856
"157",0,0.706606119358357,0.0505900232813231,0.41335758269995,1.2605947277712,0,0,0.0291143913641878,0.0167657853592497,0,-0.0207918141313117,0,-47.6582317904762,0.0072552580445538
"158",0,0.695501469168806,0.0543964250240832,-0.403552913103363,1.33381262134306,0,0,0.0219274732559478,0.0140493562305364,0,0.0563655165980622,0,-47.9553995875904,0.00802026622472639
"159",0,0.712725006862103,0.0485992786639422,0.416287171758898,1.28277244668378,0,0,0.0315083133712525,0.0161362595279401,0,-0.111551686758145,0,-47.8214249675331,0.00588638943925982
"160",0,0.714298755418244,0.0463386491851094,-0.405981403142104,1.25285254716326,0,0,0.0304647018662375,0.0177446467298433,0,-0.0213083095940924,0,-47.7098579979268,0.00830442881438743
"161",0,0.705668530637386,0.0580102890720836,0.416640341534257,1.2642104188517,0,0,0.0264448353440733,0.0177041390767755,0,-0.0809159261293942,0,-47.7489228891419,0.00696141075903661
"162",0,0.706654863362918,0.0508980172326294,-0.413342636872689,1.23088696970143,0,0,0.036823350027377,0.0161753188526942,0,0.141421988543978,0,-47.8013569543226,0.00722517101513576
"163",0,0.71847166390251,0.0508131756651911,-0.408971132858658,1.2624357398831,0,0,0.0308003905684169,0.0146690381596008,0,0.0330593115149173,0,-47.698996471841,0.00742590350662977
"164",0,-0.725049072949828,0.0655736168238772,0.404321600111822,1.24655762025629,0,0,0.0287112966503639,0.0160054113617729,0,-0.0611890356626459,0,-47.8225668275779,0.00917192624399351
"165",0,-0.682157154677036,0.058391193042114,-0.412984888087712,1.30998991620277,0,0,0.0240666732303242,0.0174255434086143,0,-0.0466952991694414,0,-47.8426614969956,0.0070472453017439
"166",0,0.680747373149082,0.0550538665390024,0.412470038799665,1.26560058870037,0,0,0.029668154452441,0.02208837155397,0,-0.052243450460756,0,-48.0114974946542,0.00742082242830465
"167",0,-0.730905458290426,0.0587666793773074,0.406828345514999,1.24058494289909,0,0,0.0289957994002938,0.0210312564505549,0,0.0895477804499273,0,-47.7415748312596,0.00838435192280181
"168",0,0.717444417326248,0.0488049234146591,0.412810457780733,1.23749101688108,0,0,0.0313349247143686,0.0219650564513597,0,-0.0666468813763094,0,-47.7516537775309,0.00727806655468256
"169",0,0.723838230608263,0.042555938933809,0.419453850035362,1.25548579239511,0,0,0.0348960951031575,0.0149137763992718,0,-0.0223186309332249,0,-47.8782817017245,0.00565269385435961
"170",0,-0.713297427943447,0.0446676538241028,0.399669139475265,1.29192117402737,0,0,0.0257141953246814,0.0170246004885637,0,0.114511971896251,0,-47.947895902612,0.00949088866910191
"171",0,-0.716847351594459,0.0525737225180704,0.410792559252396,1.26806688017581,0,0,0.0256160003596368,0.0161101061610436,0,0.0515936510626044,0,-47.7894209352566,0.00789184551438318
"172",0,-0.725691259071894,0.0481251763819214,0.400103987944755,1.27791298165727,0,0,0.030608903481404,0.0210384013274478,0,-0.132003472951582,0,-47.9320134194304,0.00843904107682253
"173",0,0.743514616296221,0.0568288850203508,-0.40721542701525,1.20650097286527,0,0,0.0347023083395459,0.0182647739532823,0,4.87702242699059e-05,0,-47.8344119602179,0.00801004081920854
"174",0,-0.70982738199031,0.0513134661103039,0.410034401674157,1.28709981646693,0,0,0.0278464663767142,0.0167705627679893,0,0.0191367456266655,0,-47.6898973284194,0.00708263297275307
"175",0,0.71390721000036,0.0664056757674022,-0.415799385464459,1.21353140411905,0,0,0.0327127654226296,0.0232278085926352,0,0.0888787725936658,0,-47.9517237632022,0.00754891992248553
"176",0,-0.736275788930529,0.0636579036965374,0.404450173096286,1.20775163206748,0,0,0.0351307783580729,0.0169765438923401,0,-0.0287638051723686,0,-47.8950693026376,0.00859179074799643
"177",0,0.714102854516897,0.0456432839212041,0.415332406470534,1.25637555790596,0,0,0.036004539573959,0.018061134461973,0,-0.0619808470160733,0,-47.795644470063,0.00613509442126452
"178",0,-0.687454022256147,0.0543412021092895,-0.409361990956647,1.2450456826108,0,0,0.0301948288997002,0.018228885680778,0,0.0686989298153245,0,-47.8388771401692,0.00880752571155456
"179",0,-0.707821662676836,0.0411417456344006,-0.413209915375053,1.26487699531245,0,0,0.0350172068708708,0.0180921368216606,0,0.0777300063374241,0,-47.7755507242081,0.00628450484265934
"180",0,0.733700901479398,0.0422035491017024,0.410824543527176,1.2429980385741,0,0,0.0312752453274093,0.0196659056301805,0,0.110779289088795,0,-47.8790248550001,0.0072564374897193
"181",0,-0.737934091293125,0.0777357157140232,0.399026801819771,1.22522680132254,0,0,0.0324033320411406,0.018430651082392,0,0.0247492313373698,0,-48.1333094784614,0.00975825784490251
"182",0,-0.73357789705914,0.051798985777139,0.399211244761342,1.22925479020527,0,0,0.0311400948865062,0.0196279897811056,0,-0.0342210014927673,0,-47.7933608282937,0.00983621653949512
"183",0,0.709105589634948,0.0604934911103354,-0.398610815193598,1.24504508756512,0,0,0.0251953726585255,0.0250154088909723,0,0.0513375009766208,0,-48.0076715857176,0.0119477611098809
"184",0,0.730970210824134,0.056347357098296,-0.39899362990642,1.26329035191111,0,0,0.0286674656289373,0.0191629354397643,0,-0.0250279958224279,0,-47.7767513871153,0.00907699472132767
"185",0,-0.693790439290131,0.0546475176383557,-0.41845012749252,1.29380283158875,0,0,0.0256612707115031,0.0152311044388554,0,0.0699665094057132,0,-47.8258944287249,0.00637890574847684
"186",0,-0.739260359052442,0.0624050782610402,-0.400124786497966,1.23348346226543,0,0,0.0251052894614338,0.0232229494865139,0,-0.0497026690725996,0,-47.9553631931545,0.0106983501228032
"187",0,-0.700415022740008,0.0529627223163793,-0.409237711091603,1.30699559076738,0,0,0.0202424943398327,0.0160064331520741,0,0.0408168829345197,0,-47.9043613626076,0.00821734863622965
"188",0,-0.708523829420819,0.0454182668162716,-0.40906618128842,1.27142442656651,0,0,0.0304448766977843,0.0168589386123345,0,0.00864698815541413,0,-47.6764773040687,0.00722292408243405
"189",0,0.737167885161154,0.0591878729952151,0.397795153657282,1.22696848450992,0,0,0.0413058768467453,0.019992181478472,0,-0.0286497491371068,0,-48.2715955869735,0.00819183715803845
"190",0,0.698701905732293,0.0597365526599574,-0.400196226220418,1.28161327394739,0,0,0.0185340095369349,0.016886055038474,0,0.0655934997922058,0,-48.1194590335253,0.0126982565592141
"191",0,-0.719079988667721,0.0588784463033931,-0.425677671470578,1.24130042108432,0,0,0.0297200627980568,0.0182531189469165,0,0.0782689185201804,0,-48.0142454072308,0.00582766193356595
"192",0,-0.706504950188429,0.0590500377153872,0.413112066260982,1.27736061758858,0,0,0.021543914130407,0.0179212381147709,0,0.0105252377707336,0,-47.8322221398601,0.00810317648922604
"193",0,-0.721632116956616,0.0579980853842575,-0.402364514367225,1.25532079749213,0,0,0.0229391709498999,0.0243830563789285,0,-0.0660305148688671,0,-47.9324579402206,0.0103636749091665
"194",0,0.691572727952983,0.0522793048251332,0.41986406683071,1.24407910385522,0,0,0.034713027339508,0.0146157327333782,0,0.0104095251640833,0,-47.8690403191223,0.006426557226997
"195",0,-0.719300488139192,0.0469541027193705,-0.402328432668036,1.29517129345621,0,0,0.0271583516158043,0.0157211026465878,0,0.0109653210108803,0,-47.794405839762,0.00802861509183023
"196",0,-0.701025614115764,0.0487437335062003,-0.414274113722891,1.282957740838,0,0,0.0300365668151382,0.0167451145303271,0,0.153565799015554,0,-47.8656235172488,0.00690711454018675
"197",0,-0.716069742611467,0.051300111719882,0.409962043234967,1.29610837958272,0,0,0.0280839269420262,0.0120004341196181,0,0.0873131093495007,0,-47.946506806436,0.00688625567732555
"198",0,-0.727067770725959,0.0515247675708464,0.413445272520527,1.25375414458647,0,0,0.0343173609609533,0.0203956632751467,0,-0.0035515158570188,0,-47.8557032331331,0.00613161608166217
"199",0,-0.717407870618385,0.0583182883739283,0.405196907781411,1.28524218884745,0,0,0.0268508324691221,0.0156338650882774,0,-0.0272247624761908,0,-47.7545345793764,0.00783342317329084
"200",0,-0.701797701363874,0.0615961591661495,0.411545747113499,1.25546413470479,0,0,0.0329204899433276,0.0131430187802405,0,0.13257709041484,0,-47.9336452781233,0.00739118613157637
